run,roi,arm,n_obs,loglik,converged,identifiable,curvature,tau_z,tau_z_se,sign_margin,floored,dropped,bold_var,bold_lag1,gain_eeg,gain_eeg_se,eeg_var,eeg_lag1
sub-01_task-rest_run-1,global,bold,286,1346.4,True,True,1.34e-02,8.68,0.38,,,,0.99,-0.01,,,,
sub-01_task-rest_run-1,global,bold+eeg,1487,-265.4,False,False,5.67e-03,8.23,0.39,0.8,,,0.98,-0.02,-3.95,0.50,1.00,+0.03
sub-01_task-rest_run-1,motor,bold,286,1118.5,True,True,2.10e-02,11.26,0.38,,,,1.00,-0.09,,,,
sub-01_task-rest_run-1,motor,bold+eeg,1487,-492.8,False,False,6.94e-03,11.70,0.38,3.4,,,0.97,-0.09,-2.05,0.42,1.00,+0.03
sub-01_task-rest_run-1,visual,bold,286,1217.2,True,False,5.62e-04,3.71,1.31,,,,0.99,+0.00,,,,
sub-01_task-rest_run-1,visual,bold+eeg,1487,-395.1,True,False,2.99e-03,4.92,0.51,0.1,,,0.99,-0.00,-2.96,0.51,1.00,+0.02
sub-02_task-rest_run-1,global,bold,286,1317.8,True,False,1.06e-04,0.64,2.19,,,,0.99,+0.00,,,,
sub-02_task-rest_run-1,global,bold+eeg,1487,114.5,True,False,1.27e-03,0.43,0.37,7.1,,,1.02,+0.05,-8.64,0.18,0.99,+0.01
sub-02_task-rest_run-1,motor,bold,286,1196.8,True,False,7.26e-03,3.59,0.46,,,,0.99,-0.02,,,,
sub-02_task-rest_run-1,motor,bold+eeg,1487,-4.4,True,False,1.11e-03,0.46,0.39,13.6,,,1.02,+0.00,-5.13,0.17,0.99,+0.01
sub-02_task-rest_run-1,visual,bold,286,1195.5,False,False,8.39e-05,0.74,2.46,,,,0.99,+0.01,,,,
sub-02_task-rest_run-1,visual,bold+eeg,1487,-6.5,True,False,1.12e-03,0.56,0.46,12.0,,,1.03,+0.08,-5.72,0.21,0.99,+0.01
sub-03_task-rest_run-1,global,bold,286,1186.1,True,False,5.37e-03,2.18,0.39,,,,0.99,-0.02,,,,
sub-03_task-rest_run-1,global,bold+eeg,1488,-359.7,True,False,2.22e-04,2.28,0.45,0.3,,,0.99,-0.02,+1.49,2.92,1.00,+0.03
sub-03_task-rest_run-1,motor,bold,286,1064.7,False,False,1.09e-02,3.96,0.39,,,,0.99,-0.07,,,,
sub-03_task-rest_run-1,motor,bold+eeg,1488,-478.8,False,False,6.66e-05,1.09,2.39,2.6,,,1.02,-0.05,-2.17,0.42,0.99,+0.02
sub-03_task-rest_run-1,visual,bold,286,1131.6,False,False,2.71e-03,2.09,0.51,,,,0.99,+0.01,,,,
sub-03_task-rest_run-1,visual,bold+eeg,1488,-411.7,True,False,2.25e-04,0.63,1.28,2.6,,,1.00,+0.01,-1.52,0.49,1.00,+0.02
sub-04_task-rest_run-1,global,bold,286,1429.2,True,False,5.44e-03,5.72,0.46,,,,0.99,+0.00,,,,
sub-04_task-rest_run-1,global,bold+eeg,1487,-99.9,True,False,2.04e-03,0.51,0.35,10.8,,,1.01,+0.01,-4.05,0.18,1.00,+0.02
sub-04_task-rest_run-1,motor,bold,286,1282.7,True,False,9.36e-03,5.95,0.37,,,,0.99,+0.01,,,,
sub-04_task-rest_run-1,motor,bold+eeg,1487,-246.6,True,False,1.71e-03,0.62,0.39,15.2,,,1.03,+0.03,-2.75,0.19,0.99,+0.02
sub-04_task-rest_run-1,visual,bold,286,1308.6,True,False,8.11e-03,5.66,0.39,,,,0.99,+0.01,,,,
sub-04_task-rest_run-1,visual,bold+eeg,1487,-225.2,True,False,1.96e-03,0.62,0.39,12.1,,,1.02,+0.05,-3.61,0.20,0.99,+0.02
sub-05_task-rest_run-1,global,bold,286,1346.9,False,False,-2.78e-04,0.89,1.37,,,,0.99,+0.00,,,,
sub-05_task-rest_run-1,global,bold+eeg,1487,-293.5,True,False,-2.63e-04,0.79,1.18,0.1,,,0.99,+0.01,+0.00703,0.01,1.00,-0.03
sub-05_task-rest_run-1,motor,bold,286,1106.7,True,False,1.99e-02,7.30,0.39,,,,0.99,-0.01,,,,
sub-05_task-rest_run-1,motor,bold+eeg,1487,-530.8,False,False,-3.68e-04,2.34,1.03,2.7,,,0.99,-0.01,-3.73,0.35,1.00,-0.03
sub-05_task-rest_run-1,visual,bold,286,1223.6,False,True,2.22e-02,7.79,0.34,,,,0.99,-0.01,,,,
sub-05_task-rest_run-1,visual,bold+eeg,1487,-414.7,True,False,4.42e-03,8.00,0.33,1.9,,,0.99,-0.01,-3.16,0.57,1.00,-0.03
sub-06_task-rest_run-1,global,bold,286,1358.2,True,False,4.86e-03,2.37,0.39,,,,0.99,+0.01,,,,
sub-06_task-rest_run-1,global,bold+eeg,1487,-167.5,True,False,9.46e-04,2.24,0.44,0.4,,,0.99,+0.00,-1.99,1.55,1.00,+0.08
sub-06_task-rest_run-1,motor,bold,286,1227.1,True,False,2.57e-03,2.84,0.54,,,,0.99,+0.01,,,,
sub-06_task-rest_run-1,motor,bold+eeg,1487,-297.8,True,False,-1.22e-03,1.03,0.37,0.8,,,0.99,+0.01,-1.08,0.71,1.00,+0.08
sub-06_task-rest_run-1,visual,bold,286,1255.6,False,False,6.33e-03,2.48,0.34,,,,0.99,-0.00,,,,
sub-06_task-rest_run-1,visual,bold+eeg,1487,-266.5,True,False,2.65e-03,1.99,0.42,4.0,,,1.00,-0.01,-5.12,0.35,1.00,+0.10
